candidate_id,rank,score,reasoning
CAND_0039754,1,90.3854,"This candidate fits the role due to their extensive experience in building production ML systems, particularly in search, retrieval, and ranking, with a strong track record of shipping systems in both early-stage product companies and larger scale environments. Their skills and experience align well with the required technical depth in modern ML systems, and their scrappy product-engineering attitude, as evident from their experience in driving migrations and leading teams, makes them a strong fit for the role."
CAND_0002025,2,90.166,"This candidate fits well due to their extensive experience in building production ML systems, particularly in search, retrieval, and ranking, which aligns with the job requirements. Their ability to balance technical depth with a scrappy product-engineering attitude, as demonstrated by their experience shipping systems in both early-stage and larger-scale companies, makes them a strong candidate for the role."
CAND_0018499,3,89.3899,"This candidate fits the role well due to their extensive experience in building production ML systems, particularly in search, retrieval, and ranking, which aligns with the job requirements. Their background in designing and deploying hybrid retrieval systems, fine-tuning LLMs, and implementing offline/online evaluation frameworks also matches the desired skills and experience."
CAND_0094759,4,89.1224,"This candidate fits the role as they have 8.6 years of experience in building production ML systems, with a focus on search, retrieval, and ranking, and have a strong track record of shipping systems in both early-stage product companies and at larger scale. Their experience in designing and implementing embedding-based search systems, learning-to-rank models, and hybrid retrieval architectures aligns well with the requirements of the Senior AI Engineer role."
CAND_0006567,5,88.7467,"This candidate fits the role well due to their extensive experience in building systems that connect users with relevant information at scale, particularly in ranking and retrieval systems, and their preference for shipping real systems over research-only work. Their skills and experience align closely with the requirements of the Senior AI Engineer position, including expertise in scikit-learn, BM25, and ranking systems, as well as their experience working at the intersection of infrastructure, algorithms, and product judgment."
CAND_0011687,6,88.6503,"This candidate fits the role as they have 7.8 years of experience building production ML systems, with a focus on search, retrieval, and ranking, which aligns with the required technical depth in modern ML systems. Additionally, their experience in shipping systems in both early-stage product companies and at larger scale, and their emphasis on careful feature engineering and rigorous eval, suggests they possess the scrappy product-engineering attitude required for the role."
CAND_0046525,7,87.6684,"This candidate fits the role as they have 6.1 years of experience in building production ML systems with a focus on search, retrieval, and ranking, and their skills align with the required technical depth in modern ML systems. Their experience in shipping systems in both early-stage product companies and larger scale, and their ability to balance technical depth with a scrappy product-engineering attitude, also make them a strong fit for the role."
CAND_0007411,8,87.2704,"This candidate fits the role well due to their extensive experience in building production ML systems, particularly in search, retrieval, and ranking, which aligns with the job requirements. Their experience in shipping systems in both early-stage product companies and at larger scale, along with their emphasis on shipping a working system over a theoretically perfect one, also matches the desired ""scrappy product-engineering attitude"" mentioned in the job description."
CAND_0033861,9,87.0518,"This candidate fits the role as they have 8 years of experience in building production ML systems, with a strong focus on search, retrieval, and ranking, which aligns with the job requirements. Their technical skills, including expertise in LLMs, Weaviate, and Learning to Rank, demonstrate a deep technical depth in modern ML systems, and their experience in shipping systems in both early-stage product companies and larger scale environments suggests a scrappy product-engineering attitude."
CAND_0093193,10,86.9952,"This candidate fits the role well due to their extensive experience in building systems that connect users with relevant information at scale, particularly in ranking and retrieval systems, which aligns with the job requirements. Their preference for shipping real systems over research-only work and their experience in owning the intelligence layer end-to-end also matches the desired scrappy product-engineering attitude."
CAND_0046064,11,86.8428,"This candidate fits the role due to their extensive experience in building production ML systems, particularly in search, retrieval, and ranking, with a strong focus on embedding model selection, fine-tuning, and learning-to-rank. Their experience in shipping systems in both early-stage product companies and larger scale environments, as well as their emphasis on careful feature engineering and rigorous evaluation, aligns with the required scrappy product-engineering attitude and deep technical depth in modern ML systems."
CAND_0086022,12,86.4809,"This candidate fits the role due to their extensive experience in building production ML systems, specifically in search, retrieval, and ranking, which aligns with the job requirements. Their experience in migrating from keyword-based ranking to a learning-to-rank model and handling high QPS with sub-200ms p95 also demonstrates their ability to balance technical depth and scrappy product-engineering attitude."
CAND_0080766,13,86.1944,"This candidate fits the role as they have a strong background in building search and discovery systems, with experience in ranking and retrieval algorithms, and a demonstrated ability to balance technical depth with a scrappy product-engineering attitude. Their career history showcases a willingness to own the intelligence layer end-to-end, with a focus on shipping real systems and operationalizing complex infrastructure."
CAND_0088025,14,85.8097,"This candidate fits well for the Senior AI Engineer role at Redrob AI due to their extensive experience in building production ML systems, particularly in search, retrieval, and ranking, which aligns with the company's requirements. Their skills in Pinecone, QLoRA, LLMs, and other relevant technologies also demonstrate a strong technical depth in modern ML systems."
CAND_0071974,15,85.8003,"This candidate fits the role as they have 7.8 years of experience building production ML systems, with a focus on search, retrieval, and ranking, and have demonstrated expertise in modern ML systems including embeddings, retrieval, ranking, LLMs, and fine-tuning. Their experience in shipping systems in both early-stage product companies and at larger scale, and their ability to balance technical depth with a scrappy product-engineering attitude, aligns well with the requirements of the Senior AI Engineer role at Redrob AI."
CAND_0037980,16,85.2197,"This candidate fits the role well due to their extensive experience in designing ranking layers for large-scale products, handling data pipelines, evaluation frameworks, and operational discipline, which aligns with the required scrappy product-engineering attitude and deep technical depth in modern ML systems. Their preference for shipping real systems over research-only work and experience in making common mistakes also matches the desired profile."
CAND_0041669,17,85.0931,"This candidate fits the role of Senior AI Engineer at Redrob AI due to their extensive experience in building and owning ML-powered features in production, particularly in recommendation systems, search, and retrieval, which aligns with the job requirements. Their background in NLP, applied AI, and MLOps, combined with their experience in shipping real systems and debugging production issues, demonstrates the required technical depth and scrappy product-engineering attitude."
CAND_0008425,18,84.6869,"This candidate fits the role due to their extensive experience in building production ML systems, particularly in search, retrieval, and ranking, which aligns with the job requirements. Their hands-on experience with modern ML systems, including embeddings, retrieval, and LLMs, along with their ability to ship working systems quickly, demonstrates a scrappy product-engineering attitude that the company is looking for."
CAND_0064326,19,84.6342,"This candidate fits the role well due to their extensive experience in building and shipping ML-powered features, particularly in search, ranking, and retrieval, which aligns with the job requirements. Their background in NLP, recommendation systems, and applied AI, along with their ability to own and evolve complex ML systems, demonstrates the necessary technical depth and scrappy product-engineering attitude required for the Senior AI Engineer position."
CAND_0055905,20,84.5822,"This candidate fits the role due to their extensive experience in building production ML systems, specifically in search, retrieval, and ranking, which aligns with the job requirements. Their ability to balance technical depth and scrappy product-engineering attitude, as demonstrated by their experience in shipping systems in both early-stage product companies and larger scale, makes them a strong candidate for the position."
CAND_0079387,21,84.574,"This candidate fits the role due to their extensive experience in building and shipping ML-powered features in production, particularly in NLP and recommendation systems, which aligns with the required skills for the Senior AI Engineer position. Their ability to own the ML stack, design evaluation frameworks, and deploy models in production also demonstrates the scrappy product-engineering attitude required for the role."
CAND_0081846,22,84.4224,"This candidate fits the role due to their extensive experience in building production ML systems, particularly in search, retrieval, and ranking, which aligns with the job requirements. Their expertise in LLMs, RAG, vector search, and other relevant technologies, as well as their experience in owning the intelligence layer end-to-end, makes them a strong candidate for the Senior AI Engineer position at Redrob AI."
CAND_0083307,23,84.3602,"This candidate fits the role as they have a strong background in NLP, recommendation systems, and applied AI, with a proven track record of shipping ML-powered features in production, including ranking, retrieval, and matching systems. Their experience in designing and implementing evaluation frameworks, as well as their comfort with operational aspects such as A/B testing and drift monitoring, aligns with the required scrappy product-engineering attitude."
CAND_0005260,24,83.8021,"This candidate fits the role due to their extensive experience in building production ML systems, particularly in search, retrieval, and ranking, as well as their expertise in modern ML systems such as LLMs, fine-tuning, and embeddings. Their experience in driving the platform's RAG strategy from prototype to production and shipping systems in both early-stage product companies and larger scales also aligns with the scrappy product-engineering attitude required for this role."
CAND_0005649,25,83.6229,"This candidate fits the role due to their extensive experience in building and shipping ML-powered features in production, particularly in search, ranking, and retrieval systems, which aligns with the job requirements. Their background in NLP, recommendation systems, and applied AI, as well as their experience with modern ML systems and scrappy product-engineering attitude, make them a strong candidate for the Senior AI Engineer position."
CAND_0077337,26,83.2718,"This candidate fits well due to their extensive experience in building production ML systems, particularly in search, retrieval, and ranking, which aligns with the job requirements. Their background in shipping systems in both early-stage product companies and larger scales, along with their emphasis on shipping working systems over theoretically perfect ones, demonstrates the scrappy product-engineering attitude the company is looking for."
CAND_0042029,27,83.267,"This candidate fits the role due to their 6.5 years of experience in building ML-powered features in production, particularly in NLP and recommendation systems, which aligns with the required technical depth in modern ML systems. However, their career history and skills suggest a stronger focus on research and development rather than scrappy product-engineering attitude, which is a key requirement for the role."
CAND_0068811,28,83.1028,"The candidate has a strong background in applied ML, with significant experience in building and deploying production-ready systems, including recommendation systems, NLP, and search. Their skills align well with the requirements of the Senior AI Engineer role, particularly in areas like embeddings, retrieval, and ranking, but they may require some guidance on the scrappy product-engineering attitude and willingness to ship a working ranker in a week."
CAND_0005538,29,82.738,"This candidate fits the role as they have a strong background in building production systems that connect users with relevant information at scale, with a focus on ranking and retrieval systems, which aligns with the job requirements. Their experience in shipping real systems, owning the intelligence layer end-to-end, and navigating the intersection of infrastructure, algorithms, and product judgment also matches the desired scrappy product-engineering attitude."
CAND_0061257,30,82.6162,"This candidate fits the role as they have a strong background in building systems that connect users with relevant information at scale, with a focus on ranking and retrieval systems, which aligns with the job requirements. Their experience in owning the intelligence layer end-to-end at a product company, as well as their preference for shipping real systems over research-only work, also matches the desired scrappy product-engineering attitude."
CAND_0081686,31,82.4704,"This candidate fits the role as a Senior AI Engineer at Redrob AI due to their extensive experience in building and shipping ML-powered features in production, particularly in search and recommendation systems, which aligns with the company's requirements. Their technical skills, such as expertise in embeddings, FAISS, and Hugging Face Transformers, also match the job description, and their experience in debugging production ranking issues and owning the ranking layer for an e-commerce search product demonstrates their ability to balance technical depth and scrappy product-engineering attitude."
CAND_0028793,32,82.3346,"This candidate fits the role well due to their 7.2 years of experience in building ML-powered features in production, particularly in NLP and recommendation systems, and their comfort across the ML stack from feature engineering through deployment. Their experience in shipping real systems and owning eval frameworks also aligns with the scrappy product-engineering attitude required for this role."
CAND_0027691,33,82.1686,"This candidate fits the role as they have 6.5 years of experience in building ML-powered features in production, with a strong background in NLP, recommendation systems, and applied AI. Their experience in shipping real systems, owning the operational side, and working on complex projects such as churn prediction models and semantic search features aligns well with the scrappy product-engineering attitude required for the role."
CAND_0086151,34,82.0326,"This candidate fits the role as they have 7.7 years of experience in building ML-powered features in production, with a strong background in NLP, recommendation systems, and applied AI. Their experience in designing and shipping real systems, such as the recommendation system at Wysa and the content recommendation system at Glance, demonstrates their ability to balance technical depth and scrappy product-engineering attitude."
CAND_0052328,35,81.9639,"This candidate fits the role as they have 6.5 years of experience in building ML-powered features in production, with a strong background in NLP, recommendation systems, and applied AI, making them a good fit for the technical depth required in modern ML systems. Additionally, their experience in shipping real systems and debugging production ranking issues demonstrates a scrappy product-engineering attitude, which is essential for this role."
CAND_0068351,36,81.8732,"This candidate fits the role due to their extensive experience in building and owning the intelligence layer of search and discovery systems, including ranking and retrieval algorithms, and their comfort with shipping real systems over research-only work. However, their lack of recent GitHub activity and open to work status may raise some concerns about their current availability and engagement."
CAND_0008239,37,81.8296,"This candidate has a strong background in applied ML, with experience in building ML-powered features in production, and a good understanding of the ML stack from feature engineering through deployment. However, their 4 years of experience is slightly below the required 5-9 years, and they lack experience in leading a team or owning a large-scale ML system, which might make them a less ideal fit for a senior role at a Series A company like Redrob AI."
CAND_0092278,38,81.745,"This candidate fits the role as they have 6.8 years of experience in building production ML systems with a focus on search, retrieval, and ranking, and their skills align with the required technical depth in modern ML systems, including embeddings, retrieval, ranking, and LLMs. However, their career history shows a pattern of building and shipping similar systems in different companies, which may indicate a lack of experience in owning the intelligence layer end-to-end as required by the role."
CAND_0089552,39,81.6679,"This candidate fits the role due to their 6 years of experience in building ML-powered features in production, strong background in NLP, recommendation systems, and applied AI, as well as their experience with modern ML systems such as embeddings, retrieval, ranking, LLMs, and fine-tuning. Their experience in shipping real systems, seeing what holds up under production load, and emphasis on evaluation rigor also aligns with the required scrappy product-engineering attitude."
CAND_0037566,40,81.5987,"This candidate fits the role as they have 6.9 years of experience in building ML-powered features in production, with a strong background in NLP, recommendation systems, and applied AI, which aligns with the required technical depth in modern ML systems. Additionally, their experience in shipping real systems and owning eval frameworks demonstrates a scrappy product-engineering attitude, which is a key requirement for this role."
CAND_0044883,41,81.5754,"This candidate fits the role well due to their strong background in NLP, recommendation systems, and applied AI, as well as their experience in shipping real systems and owning a meaningful piece of the ML stack. Their skills in fine-tuning LLMs, embeddings, and semantic search also align with the job requirements, and their experience in designing evaluation frameworks and model monitoring stacks demonstrates their ability to think about product and engineering workflows."
CAND_0010257,42,81.2835,"This candidate fits the role as they have a strong background in NLP, recommendation systems, and applied AI, with experience building and shipping ML-powered features in production. Their experience in designing and operating production ML pipelines, as well as their emphasis on evaluation rigor and offline benchmarks, aligns with the company's need for a scrappy product-engineering attitude and deep technical depth in modern ML systems."
CAND_0006418,43,81.2106,"This candidate fits the role as they have a strong background in NLP, recommendation systems, and applied AI, with experience in building and shipping ML-powered features in production. Their skills in Learning to Rank, Embeddings, and Semantic Search align well with the requirements of the Senior AI Engineer position, and their experience in owning and evaluating ML models suggests they can balance technical depth with a scrappy product-engineering attitude."
CAND_0036184,44,81.1992,"This candidate fits the role due to their extensive experience in building ML-powered features, particularly in recommendation systems and semantic search, which aligns with the required technical depth in modern ML systems. However, their lack of experience in shipping a working ranker in a short timeframe and the absence of a scrappy product-engineering attitude in their profile may be a concern, as the role requires a balance between technical depth and a willingness to ship quickly."
CAND_0039383,45,81.1278,"This candidate fits the role as they have a strong background in NLP, recommendation systems, and applied AI, with experience in building and shipping ML-powered features in production. Their experience in designing and implementing semantic search infrastructure, such as using sentence-transformers and FAISS, aligns with the requirements of the role, and their ability to work closely with PMs to define optimization targets demonstrates a scrappy product-engineering attitude."
CAND_0044855,46,80.9777,"This candidate fits the role as they have a strong background in NLP, recommendation systems, and applied AI, with experience in building and deploying ML-powered features in production. Their experience in building and owning a recommendation system at Flipkart and LinkedIn, and their ability to balance technical depth with a scrappy product-engineering attitude, aligns well with the requirements of the Senior AI Engineer role."
CAND_0095528,47,80.7047,"This candidate fits the role as they have a strong background in NLP, recommendation systems, and applied AI, with experience in building ML-powered features in production, including ranking and retrieval systems. Their experience as a Senior Data Scientist at Netflix and Recommendation Systems Engineer at Adobe demonstrates their ability to own a meaningful piece of the ML stack and ship models in production, aligning with the required ""scrappy product-engineering attitude."""
CAND_0066999,48,80.6621,"This candidate fits the role due to their extensive experience in building and owning ML-powered features in production, particularly in recommendation systems and NLP, which aligns with the required technical depth in modern ML systems. However, their experience seems to be more focused on ""researcher"" mode, with a strong emphasis on modeling and infrastructure, which might not fully align with the required ""scrappy product-engineering attitude"" to ship working solutions quickly."
CAND_0018549,49,80.562,"This candidate fits the role as they have 6.8 years of experience in building ML-powered features in production, with a strong background in NLP, recommendation systems, and applied AI. Their experience in leading the migration of a keyword-search-based product to embedding-based retrieval and owning the ranking layer for an e-commerce search product at Uber aligns with the required deep technical depth in modern ML systems and scrappy product-engineering attitude."
CAND_0064904,50,80.3851,"This candidate has a strong background in NLP, recommendation systems, and applied AI, with relevant experience in building and operating production ML pipelines, which aligns with the requirements of the Senior AI Engineer role. However, their experience is slightly limited, with only 4.9 years of experience, which is below the 5-9 years required, and they may need additional guidance and support in navigating the complexities of a Series A company."
CAND_0041610,51,80.372,"This candidate fits the role due to their extensive experience in building and operating production ML pipelines, particularly in recommendation systems, search, and ranking, which aligns with the job requirements. Their technical skills, such as expertise in Elasticsearch, scikit-learn, and Learning to Rank, also demonstrate a strong foundation in the necessary technologies."
CAND_0042506,52,80.1008,"The candidate has relevant experience in building ML-powered features, particularly in search, ranking, and retrieval, which aligns with the job requirements. However, their experience is slightly limited to 4.2 years, and they may require more guidance on navigating the complexities of a Series A company, which could impact their ability to adapt to the role's demands."
CAND_0016163,53,80.0701,"This candidate fits the role due to their 6.7 years of experience in building ML-powered features in production, strong background in NLP, recommendation systems, and applied AI, and demonstrated ability to lead a team in migrating a product to embedding-based retrieval. However, they lack direct experience in fine-tuning LLMs, which is a key requirement for the role, and their experience seems to be more focused on building and operating production ML pipelines rather than shipping working rankers in a week."
CAND_0079064,54,80.0017,"This candidate fits the role as they have a strong background in NLP, recommendation systems, and applied AI, with experience in building ML-powered features in production and owning the eval framework for a recent RAG-based feature. However, their experience is slightly skewed towards the ""researcher"" archetype, with a strong focus on technical depth in modern ML systems, and it's unclear if they have the scrappy product-engineering attitude required for the role."
CAND_0041611,55,79.9315,"This candidate fits the role as they have 6.4 years of hands-on experience building production ML systems, with a focus on search, retrieval, and ranking, and have a strong background in designing and rolling out large-scale semantic search systems, which aligns with the requirements of the Senior AI Engineer position. However, their current status as ""not open to work"" and lack of recent GitHub activity are concerns that may impact their availability and fit for the role."
CAND_0060072,56,79.7963,"This candidate fits the role as they have 5.7 years of experience in building production ML systems, with a focus on search, retrieval, and ranking, which aligns with the job requirements. Additionally, their experience in shipping systems in both early-stage product companies and at larger scale, and their emphasis on shipping a working system in 6 weeks rather than a theoretically perfect one, suggests they possess the scrappy product-engineering attitude required for the role."
CAND_0045250,57,79.7504,"This candidate fits the role due to their 6.6 years of experience in building ML-powered features in production, strong background in NLP and recommendation systems, and comfort with the ML stack from feature engineering through deployment. Their experience in migrating a keyword-search-based product to embedding-based retrieval also aligns with the company's need for a scrappy product-engineering attitude."
CAND_0060054,58,79.7271,"This candidate fits the role due to their strong background in NLP, recommendation systems, and applied AI, as well as their experience in shipping real systems and seeing what holds up under production load. However, their GitHub activity is -1, indicating a lack of recent contributions, which may raise concerns about their current level of engagement and relevance in the field."
CAND_0087630,59,79.5764,"This candidate has a strong background in applied ML, with 7.2 years of experience building ML-powered features in production, and a demonstrated ability to own and operate complex ML systems, including content recommendation systems and A/B testing infrastructure. However, the repetitive nature of their job descriptions and lack of recent GitHub activity raise some concerns about their adaptability and willingness to take on new challenges."
CAND_0007009,60,79.4873,"This candidate fits the role as they have a strong background in NLP, recommendation systems, and applied AI, with experience in shipping real systems and seeing what holds up under production load. Their experience in implementing RAG-based features, designing evaluation frameworks, and owning the eval framework for a recent feature also aligns with the required scrappy product-engineering attitude."
CAND_0096142,61,79.4623,"This candidate fits the role of a Senior AI Engineer at Redrob AI due to their 5 years of experience in building ML-powered features in production, particularly in NLP and recommendation systems, which aligns with the required technical depth in modern ML systems. However, their lack of experience in large-scale AI engineering and product ownership, as indicated by their current role as an Applied ML Engineer, might require additional growth and adaptation to the scrappy product-engineering attitude required for this position."
CAND_0062247,62,79.4353,"This candidate fits the role due to their 7.3 years of experience in building ML-powered features in production, strong background in NLP, recommendation systems, and applied AI, and demonstrated ability to own and improve the ranking layer for an e-commerce search product. However, they may not fully fit the ""scrappy product-engineering attitude"" required, as their previous experience is mostly in well-established companies like Google and Dream11, and their skills and achievements are more focused on technical depth rather than shipping working products quickly."
CAND_0027801,63,79.3819,"This candidate fits the role as they have a strong background in NLP, recommendation systems, and applied AI, with experience in building and operating production ML pipelines, and owning eval frameworks, which aligns with the required scrappy product-engineering attitude. However, their experience is mostly in building and operating existing systems, and there is limited evidence of them owning the intelligence layer of a product from scratch, which is a key requirement for this role."
CAND_0070398,64,79.2424,"This candidate fits the role due to their extensive experience in building ML-powered features in production, particularly in search, ranking, and retrieval, which aligns with the job requirements. Their skills in modern ML systems, such as embeddings, retrieval, and fine-tuning, are also well-represented in their profile."
CAND_0052682,65,79.2267,"This candidate fits the role as they have a strong background in NLP, recommendation systems, and applied AI, with experience building ML-powered features in production. Their experience as an NLP Engineer at Aganitha and Salesforce demonstrates their ability to design and deploy intelligent systems, and their emphasis on evaluation rigor aligns with the company's needs."
CAND_0006557,66,79.2108,"This candidate fits the role of a Senior AI Engineer at Redrob AI due to their 7.9 years of experience in building ML-powered features in production, strong background in NLP, and expertise in recommendation systems, retrieval, and matching systems. Their experience in shipping real systems and owning the eval framework for a recent RAG-based feature demonstrates a scrappy product-engineering attitude, which aligns with the company's need for someone who can balance deep technical depth with a willingness to ship working solutions quickly."
CAND_0076163,67,79.1971,"This candidate fits the role due to their strong background in NLP, recommendation systems, and applied AI, as well as their experience in building and shipping ML-powered features in production. Their experience in owning the ranking layer for e-commerce search products and improving revenue-per-search by 12% also aligns with the requirements of the Senior AI Engineer role."
CAND_0043228,68,79.1866,"This candidate fits the role due to their extensive experience in building and operating production ML pipelines, including expertise in NLP, recommendation systems, and retrieval systems, which aligns with the required technical depth in modern ML systems. Additionally, their experience in shipping real systems and seeing what holds up under production load demonstrates a scrappy product-engineering attitude, making them a strong fit for the role."
CAND_0053695,69,79.1,"This candidate fits the role of Senior AI Engineer at Redrob AI due to their strong background in NLP, recommendation systems, and applied AI, as well as their experience in building and shipping ML-powered features in production. Their experience in designing and training ranking models, working closely with PMs to define optimization targets, and owning the offline-online correlation analysis also aligns with the required scrappy product-engineering attitude."
CAND_0075574,70,79.0836,"This candidate fits the role as they have a strong background in NLP, recommendation systems, and applied AI, with hands-on experience in building and shipping ML-powered features in production, including ranking and retrieval systems. Their experience in evolving a hand-tuned scoring function to a learning-to-rank model and designing relevance labeling pipelines also aligns with the required skills for the Senior AI Engineer position."
CAND_0044222,71,79.0811,"This candidate fits the role as they have a strong background in NLP, recommendation systems, and applied AI, with experience in building ML-powered features in production, including migrating a keyword-search-based product to embedding-based retrieval. Their emphasis on evaluation rigor and ownership of meaningful pieces of the ML stack also aligns with the required scrappy product-engineering attitude and technical depth in modern ML systems."
CAND_0010541,72,79.0524,"This candidate has a strong background in applied machine learning, with experience in predictive modeling, NLP, and lightweight deployment workflows. However, they may need to develop their engineering and infra skills further to match the requirements of the Senior AI Engineer role, particularly in areas such as LLMs and retrieval systems."
CAND_0050876,73,78.9213,"This candidate fits the role as they have 6 years of experience in building ML-powered features in production, with a strong background in NLP, recommendation systems, and applied AI. Their experience in owning and evolving ranking layers, designing relevance labeling pipelines, and improving revenue-per-search by 12% demonstrates the technical depth and scrappy product-engineering attitude required for the Senior AI Engineer position."
CAND_0020877,74,78.9033,"The candidate, CAND_0020877, has a strong background in applied ML, with experience in building and deploying production-ready ML models, particularly in NLP and recommendation systems. Their skills and experience align well with the requirements of the Senior AI Engineer role, including expertise in modern ML systems, embeddings, retrieval, and ranking, as well as a scrappy product-engineering attitude."
CAND_0007460,75,78.8286,"This candidate has a strong background in NLP, recommendation systems, and applied AI, with 4.7 years of experience building ML-powered features in production, which aligns with the required technical depth. However, their experience is slightly below the 5-9 years required for the role, and their current position as an AI Engineer at Salesforce may not be directly applicable to the founding team role at Redrob AI, which requires a scrappy product-engineering attitude."
CAND_0049538,76,78.7844,"This candidate fits the role due to their strong background in NLP, recommendation systems, and applied AI, as well as their experience in building and operating production ML pipelines, which aligns with the required deep technical depth in modern ML systems. However, their lack of experience in shipping a working ranker in a short timeframe and their previous roles being more focused on individual projects rather than owning the intelligence layer of a product might make them a slightly less ideal fit for the scrappy product-engineering attitude required."
CAND_0081053,77,78.7598,"This candidate fits the role as they have 5.4 years of experience in building ML-powered features in production, with a strong background in NLP, recommendation systems, and applied AI. Their experience in building and operating production ML pipelines, designing model monitoring stacks, and mentoring junior engineers also aligns with the scrappy product-engineering attitude required for this role."
CAND_0061265,78,78.738,"This candidate fits the role as they have a strong background in NLP, recommendation systems, and applied AI, with experience in building and deploying ML-powered features in production, including a recent project migrating a keyword-search-based product to embedding-based retrieval. Their skills align with the required technical depth in modern ML systems, and their experience in shipping real systems and owning a meaningful piece of the ML stack matches the scrappy product-engineering attitude needed for this role."
CAND_0042100,79,78.6871,"This candidate fits the role as they have 7.3 years of experience in building ML-powered features in production, with a strong background in NLP, recommendation systems, and applied AI, which aligns with the required technical depth in modern ML systems. Additionally, their experience in shipping real systems, owning eval frameworks, and working closely with PMs to define optimization targets demonstrates a scrappy product-engineering attitude, making them a suitable fit for the role."
CAND_0098846,80,78.6639,"The candidate has a strong background in NLP, recommendation systems, and applied AI, with experience in building and operating production ML pipelines, which aligns with the required technical depth in modern ML systems. However, their career history lacks direct experience in fine-tuning large language models (LLMs) and retrieval systems, which are crucial for the role, and their experience in shipping working rankers in a short timeframe is limited to a single project at upGrad."
CAND_0074735,81,78.6497,"This candidate fits the role as they have 5.5 years of experience in building ML-powered features in production, with a strong background in NLP, recommendation systems, and applied AI. Their experience in shipping real systems, debugging production ranking issues, and owning a meaningful piece of the ML stack aligns with the required scrappy product-engineering attitude and deep technical depth in modern ML systems."
CAND_0081852,82,78.6339,"This candidate fits the role as they have 5.9 years of experience in building ML-powered features in production, a strong background in NLP, recommendation systems, and applied AI, and a demonstrated ability to own a meaningful piece of the ML stack. Their experience in migrating a keyword-search-based product to embedding-based retrieval and designing evaluation frameworks also aligns with the required scrappy product-engineering attitude."
CAND_0096172,83,78.6127,"This candidate fits the role as they have 5.2 years of experience in building ML-powered features in production, with a strong background in NLP, recommendation systems, and applied AI. Their experience in shipping models across NLP and recsys, as well as their comfort with the ML stack, aligns with the required scrappy product-engineering attitude and deep technical depth in modern ML systems."
CAND_0018722,84,78.5636,"This candidate fits the role as they have relevant experience in building and shipping ML-powered features, specifically in recommendation systems, search, and retrieval, which aligns with the required technical depth in modern ML systems. Additionally, their experience in owning and shipping working systems, even with ""obviously suboptimal"" underlying ML, demonstrates a scrappy product-engineering attitude that the company is looking for."
CAND_0050454,85,78.3984,"This candidate fits the role due to their strong background in NLP, recommendation systems, and applied AI, as well as their experience in building and shipping ML-powered features in production. Their experience with modern ML systems, including embeddings, retrieval, and ranking, aligns with the required technical depth, and their scrappy product-engineering attitude is evident in their ability to ship working rankers and improve search relevance in previous roles."
CAND_0029367,86,78.3296,"This candidate fits the role because they have 5.7 years of experience in building ML-powered features in production, with a strong background in NLP, recommendation systems, and applied AI, which aligns with the required technical depth in modern ML systems. Additionally, their experience in shipping models across NLP and recsys, and debugging production ranking issues, demonstrates a scrappy product-engineering attitude that is suitable for the role."
CAND_0054123,87,78.2342,"This candidate fits the role as they have a strong background in applied ML, with experience in building and shipping ML-powered features in production, including NLP and recommendation systems. Their skills and experience align with the requirements of the Senior AI Engineer position, particularly in areas such as embeddings, retrieval, and fine-tuning, and they have a demonstrated ability to work with real users and iterate on their systems."
CAND_0072660,88,78.1806,"This candidate fits the role as they have 7.1 years of experience in building ML-powered features in production, with a strong background in NLP, recommendation systems, and applied AI. Their experience in building and operating production ML pipelines, designing model monitoring stacks, and mentoring junior engineers also aligns with the scrappy product-engineering attitude required for the role."
CAND_0030468,89,78.1699,"This candidate fits the role as they have relevant experience in building search and discovery infrastructure, ranking and retrieval systems, and personalization infrastructure, which aligns with the technical depth required in modern ML systems. Additionally, their preference for shipping real systems over research-only work and their experience in the ""boring-but-essential"" parts of system development demonstrate a scrappy product-engineering attitude, making them a strong candidate for the role."
CAND_0009024,90,78.1401,"This candidate fits the role as they have a strong background in NLP, recommendation systems, and applied AI, with experience in building ML-powered features in production, including migrating a keyword-search-based product to embedding-based retrieval. However, their previous experience seems to be more focused on building content recommendation systems, which may not directly align with the intelligence layer of Redrob's product, and they may require additional guidance on the scrappy product-engineering attitude required for this role."
CAND_0031593,91,78.1074,"This candidate fits the role due to their extensive experience in building and shipping ML-powered features, particularly in search and recommendation systems, which aligns with the company's requirements. However, their background is more focused on applied AI and engineering, and while they have some experience with LLMs, it's not as extensive as the company is looking for, which might be a slight drawback."
CAND_0036437,92,78.0312,"The candidate has relevant experience in building and owning ranking layers for e-commerce search products, which aligns with the requirements of the Senior AI Engineer role. However, their experience is mostly limited to 2-3 years, which is below the desired range of 5-9 years, and they lack experience in more complex AI systems such as LLMs and fine-tuning."
CAND_0046353,93,78.0187,"This candidate has a strong background in applied machine learning, with experience in building and deploying models in production environments, which aligns with the requirements of the Senior AI Engineer role. However, their skills and experience are more focused on modeling and analysis, and they mention a desire to grow into senior AI engineering, which suggests they may need development in the engineering and infra side of production ML."
CAND_0011432,94,77.9526,"This candidate fits well due to their 7.6 years of experience in building ML-powered features in production, strong background in NLP, recommendation systems, and applied AI, and demonstrated ability to ship models across various domains. However, their experience seems to be more focused on research and development rather than scrappy product-engineering attitude, which is a key requirement for this role."
CAND_0051292,95,77.9296,"This candidate fits the role as they have 5.2 years of experience in building ML-powered features in production, with a strong background in NLP, recommendation systems, and applied AI. Their experience in owning and evolving ranking layers, designing relevance labeling pipelines, and fine-tuning LLMs aligns with the required skills and attitude for the Senior AI Engineer position at Redrob AI."
CAND_0009691,96,77.844,"This candidate fits the role as they have a strong background in NLP, recommendation systems, and applied AI, with experience building ML-powered features in production and a demonstrated ability to ship real systems under production load. Their experience in building content recommendation systems at LinkedIn, Amazon, and Genpact AI also aligns with the requirements of the role, although the repetitive nature of their job history may be a concern."
CAND_0015528,97,77.776,"This candidate has a strong background in applied ML, with experience in building and deploying production-ready systems, including recommendation systems and content retrieval. However, their lack of direct experience with large language models (LLMs) and fine-tuning, as well as their limited experience with scrappy product-engineering attitude, makes them a slightly less ideal fit for the role."
CAND_0041568,98,77.6008,"This candidate fits the role as they have a strong background in NLP, recommendation systems, and applied AI, with hands-on experience building and shipping ML-powered features in production, including semantic search infrastructure and ranking systems. Their experience in owning and evolving ML systems, designing relevance labeling pipelines, and implementing A/B testing infrastructure also aligns with the required scrappy product-engineering attitude."
CAND_0030031,99,77.5314,"This candidate has a strong background in AI engineering with 5.7 years of experience, including experience in building and shipping ML-powered features in production, which aligns with the requirements of the Senior AI Engineer role. However, their experience seems to be more focused on research and development rather than scrappy product engineering, which is a key requirement for this role."
CAND_0065195,100,77.5187,"This candidate fits the role due to their strong background in NLP, recommendation systems, and applied AI, as well as their experience in building and deploying ML-powered features in production. However, their experience at Google seems to be limited to a relatively short period, and it's unclear how much of their skills and expertise were developed in that role."
